{
  "primary": "#000000",
  "secondary": "#000080",
  "background": "#000000",
  "darker_bg": "#000000",
  "lighter_bg": "#101010",
  "text": "#FFFFFF",
  "grid": "rgba(0, 0, 128, 0.15)",
  "line": "#000080",
  "border": "#FFFFFF",
  "success": "#00AAAA",
  "error": "#AA0000",
  "border_light": "rgba(255, 255, 255, 0.5)",
  "corner_gap": "#000000",
  "corner_bright": "#000080",
  "panel_bg": "rgba(0, 0, 0, 0.95)",
  "scrollbar_bg": "rgba(255, 255, 255, 0.1)",
  "selected_bg": "rgba(0, 0, 128, 0.5)",
  "button_hover": "#001040",
  "button_pressed": "#000060",
  "chart_bg": "rgba(0, 0, 0, 0.3)",
  "terminal": {
    "theme": {
      "foreground": "#FFFFFF",
      "background": "#000000",
      "cursor": "#FFFFFF",
      "cursorAccent": "#000000",
      "selection": "#000080",
      "selectionForeground": "#FFFFFF",

      "black": "#000000",
      "red": "#AA0000",
      "green": "#00AA00",
      "yellow": "#AAAA00",
      "blue": "#000080",
      "magenta": "#AA00AA",
      "cyan": "#00FFFF",
      "white": "#AAAAAA",

      "brightBlack": "#555555",
      "brightRed": "#FF5555",
      "brightGreen": "#55FF55",
      "brightYellow": "#FFFF55",
      "brightBlue": "#5555FF",
      "brightMagenta": "#FF55FF",
      "brightCyan": "#55FFFF",
      "brightWhite": "#FFFFFF",

      "scrollbar": {
        "background": "#000000",
        "thumb": "rgba(255, 255, 255, 0.4)",
        "thumb_hover": "rgba(255, 255, 255, 0.6)"
      }
    }
  }
}