{
  "primary": "#0000A0",
  "secondary": "#C0C0C0",
  "background": "#0000A0",
  "darker_bg": "#000080",
  "lighter_bg": "#FFFFFF",
  "text": "#FFFFFF",
  "grid": "rgba(255, 255, 255, 0.1)",
  "line": "#FFFFFF",
  "border": "#FFFFFF",
  "success": "#55FF55",
  "error": "#FF5555",
  "border_light": "rgba(255, 255, 255, 0.4)",
  "corner_gap": "#0000A0",
  "corner_bright": "#FFFFFF",

  "context_menu": {
    "background": "#C0C0C0",
    "text": "#000000",
    "selected_bg": "#CC0000",
    "selected_text": "#FFFFFF",
    "border": "#000000"
  },

  "panel_bg": "rgba(192, 192, 192, 0.95)",
  "scrollbar_bg": "rgba(255, 255, 255, 0.2)",
  "selected_bg": "#0000A0",
  "button_hover": "#CC0000",
  "button_pressed": "#990000",
  "chart_bg": "rgba(0, 0, 160, 0.25)",

  "terminal": {
    "theme": {
      "foreground": "#FFFFFF",
      "background": "#0000AA",
      "cursor": "#FFFF55",
      "cursorAccent": "#0000AA",
      "selection": "#0000CC",
      "selectionForeground": "#FFFFFF",

      "black": "#000000",
      "red": "#FF5555",
      "green": "#55FF55",
      "yellow": "#FFFF55",
      "blue": "#5555FF",
      "magenta": "#FF55FF",
      "cyan": "#55FFFF",
      "white": "#FFFFFF",

      "brightBlack": "#555555",
      "brightRed": "#FF5555",
      "brightGreen": "#55FF55",
      "brightYellow": "#FFFF55",
      "brightBlue": "#5555FF",
      "brightMagenta": "#FF55FF",
      "brightCyan": "#55FFFF",
      "brightWhite": "#FFFFFF",

      "scrollbar": {
        "background": "#0000AA",
        "thumb": "#555555",
        "thumb_hover": "#777777"
      }
    }
  }
}