{
  "primary": "#1e3a8a",
  "secondary": "#3b82f6",
  "background": "#f8fafc",
  "darker_bg": "#e2e8f0",
  "lighter_bg": "#ffffff",
  "text": "#1e293b",
  "grid": "rgba(30, 58, 138, 0.1)",
  "line": "#3b82f6",
  "border": "#cbd5e1",
  "success": "#059669",
  "error": "#dc2626",
  "border_light": "rgba(203, 213, 225, 0.6)",
  "corner_gap": "#f8fafc",
  "corner_bright": "#3b82f6",
  "panel_bg": "rgba(248, 250, 252, 0.95)",
  "scrollbar_bg": "rgba(148, 163, 184, 0.1)",
  "selected_bg": "rgba(59, 130, 246, 0.1)",
  "button_hover": "#e2e8f0",
  "button_pressed": "#cbd5e1",
  "chart_bg": "rgba(248, 250, 252, 0.8)",
  "context_menu": {
    "background": "#ffffff",
    "text": "#1e293b",
    "selected_bg": "rgba(59, 130, 246, 0.1)",
    "selected_text": "#1e293b",
    "border": "rgba(203, 213, 225, 0.8)"
  },
  "terminal": {
    "theme": {
      "foreground": "#1e293b",
      "background": "#ffffff",
      "cursor": "#3b82f6",
      "cursorAccent": "#ffffff",
      "selection": "rgba(59, 130, 246, 0.2)",
      "selectionForeground": "#1e293b",

      "black": "#475569",
      "red": "#dc2626",
      "green": "#059669",
      "yellow": "#d97706",
      "blue": "#2563eb",
      "magenta": "#9333ea",
      "cyan": "#0891b2",
      "white": "#64748b",

      "brightBlack": "#94a3b8",
      "brightRed": "#ef4444",
      "brightGreen": "#10b981",
      "brightYellow": "#f59e0b",
      "brightBlue": "#3b82f6",
      "brightMagenta": "#a855f7",
      "brightCyan": "#06b6d4",
      "brightWhite": "#1e293b",

      "scrollbar": {
        "background": "#f8fafc",
        "thumb": "rgba(148, 163, 184, 0.4)",
        "thumb_hover": "rgba(148, 163, 184, 0.6)"
      }
    }
  }
}