{
  "primary": "#fbbf24",
  "secondary": "#1e40af",
  "background": "#fefcf3",
  "darker_bg": "#1e3a8a",
  "lighter_bg": "#ffffff",
  "text": "#f8fafc",
  "grid": "rgba(251, 191, 36, 0.1)",
  "line": "#fbbf24",
  "border": "#1e40af",
  "success": "#059669",
  "error": "#dc2626",
  "border_light": "rgba(248, 250, 252, 0.2)",
  "corner_gap": "#fefcf3",
  "corner_bright": "#fbbf24",
  "panel_bg": "rgba(254, 252, 243, 0.95)",
  "scrollbar_bg": "rgba(30, 58, 138, 0.3)",
  "selected_bg": "rgba(251, 191, 36, 0.2)",
  "button_hover": "#1e40af",
  "button_pressed": "#1e3a8a",
  "chart_bg": "rgba(254, 252, 243, 0.7)",
  "context_menu": {
    "background": "#1e40af",
    "text": "#f8fafc",
    "selected_bg": "rgba(251, 191, 36, 0.3)",
    "selected_text": "#ffffff",
    "border": "rgba(248, 250, 252, 0.2)"
  },
  "terminal": {
    "theme": {
      "foreground": "#f8fafc",
      "background": "#1e3a8a",
      "cursor": "#fbbf24",
      "cursorAccent": "#1e3a8a",
      "selection": "#1e40af",
      "selectionForeground": "#f8fafc",
      "black": "#1e3a8a",
      "red": "#dc2626",
      "green": "#059669",
      "yellow": "#fbbf24",
      "blue": "#3b82f6",
      "magenta": "#7c3aed",
      "cyan": "#0891b2",
      "white": "#cbd5e0",
      "brightBlack": "#1e40af",
      "brightRed": "#ef4444",
      "brightGreen": "#10b981",
      "brightYellow": "#f59e0b",
      "brightBlue": "#2563eb",
      "brightMagenta": "#8b5cf6",
      "brightCyan": "#06b6d4",
      "brightWhite": "#f8fafc",
      "scrollbar": {
        "background": "#1e3a8a",
        "thumb": "rgba(251, 191, 36, 0.4)",
        "thumb_hover": "rgba(251, 191, 36, 0.6)"
      }
    }
  }
}