{
  "primary": "#000000",
  "secondary": "#000000",
  "background": "#000000",
  "darker_bg": "#000000",
  "lighter_bg": "#003636",
  "text": "#00b97e",
  "grid": "rgba(0, 255, 176, 0.1)",
  "line": "#00FFB0",
  "border": "#aa0000",
  "success": "#00FFAA",
  "error": "#00CC88",
  "border_light": "rgba(0, 255, 176, 0.4)",
  "corner_gap": "#000000",
  "corner_bright": "#00FFB0",
  "panel_bg": "rgba(0, 0, 0, 0.95)",
  "scrollbar_bg": "rgba(0, 255, 176, 0.1)",
  "selected_bg": "rgba(0, 255, 176, 0.2)",
  "button_hover": "#001A1A",
  "button_pressed": "#000D0D",
  "chart_bg": "rgba(0, 0, 0, 0.25)",
  "terminal": {
    "theme": {
      "foreground": "#00FFB0",
      "background": "#000000",
      "cursor": "#00FFB0",
      "cursorAccent": "#000000",
      "selection": "#00FFB0",
      "selectionForeground": "#000000",
      "black": "#000000",
      "red": "#00CC88",
      "green": "#00FFAA",
      "yellow": "#00FFB0",
      "blue": "#00CC88",
      "magenta": "#00CC88",
      "cyan": "#00FFAA",
      "white": "#00FFB0",
      "brightBlack": "#009977",
      "brightRed": "#00FFE0",
      "brightGreen": "#00FFCC",
      "brightYellow": "#00FFE0",
      "brightBlue": "#00FFB0",
      "brightMagenta": "#00FFB0",
      "brightCyan": "#00FFCC",
      "brightWhite": "#00FFE0",
      "scrollbar": {
        "background": "#000000",
        "thumb": "rgba(0, 255, 176, 0.3)",
        "thumb_hover": "rgba(0, 255, 176, 0.5)"
      }
    }
  },
  "context_menu": null
}