{
  "primary": "#fc8814",
  "secondary": "#3A0000",
  "background": "#210000",
  "darker_bg": "#000000",
  "lighter_bg": "#3A0000",
  "text": "#fc8814",
  "grid": "rgba(212, 113, 8)",
  "line": "#880000",
  "border": "#ba0707",
  "success": "#AA5500",
  "error": "#FF0000",
  "border_light": "rgba(255, 119, 0, 0.4)",
  "corner_gap": "#210000",
  "corner_bright": "#FF0000",
  "panel_bg": "rgba(33, 0, 0, 0.95)",
  "selected_bg": "rgba(255, 0, 0, 0.2)",
  "button_hover": "#550000",
  "button_pressed": "#880000",
  "chart_bg": "rgba(33, 0, 0, 0.8)",
  "scrollbar_bg": "rgba(33, 0, 0, 0.5)",
  "scrollbar_handle": "#880000",
  "scrollbar_handle_hover": "#FF0000",
  "terminal": {
    "theme": {
      "foreground": "#FF7700",
      "background": "#000000",
      "cursor": "#FF0000",
      "cursorAccent": "#000000",
      "selection": "#550000",
      "selectionForeground": "#FF7700",
      "black": "#000000",
      "red": "#AA0000",
      "green": "#AA5500",
      "yellow": "#FF7700",
      "blue": "#550000",
      "magenta": "#FF0000",
      "cyan": "#FFAA00",
      "white": "#FFCC00",
      "brightBlack": "#3A0000",
      "brightRed": "#FF3333",
      "brightGreen": "#DD7700",
      "brightYellow": "#FFAA55",
      "brightBlue": "#880000",
      "brightMagenta": "#FF5555",
      "brightCyan": "#FFCC77",
      "brightWhite": "#FFDDAA",
      "scrollbar": {
        "background": "#3A0000",
        "thumb": "#880000",
        "thumb_hover": "#AA0000"
      }
    }
  }
}