{
  "primary": "#55AAAA",
  "secondary": "#0000AA",
  "background": "#0000AA",
  "darker_bg": "#000088",
  "lighter_bg": "#0000CC",
  "text": "#FFFFFF",
  "grid": "rgba(255, 255, 85, 0.1)",
  "line": "#FFFF55",
  "border": "#FFFFFF",
  "success": "#55AAAA",
  "error": "#FF5555",
  "border_light": "rgba(255, 255, 255, 0.4)",
  "corner_gap": "#0000AA",
  "corner_bright": "#55AAAA",
  "panel_bg": "rgba(0, 0, 170, 0.95)",
  "scrollbar_bg": "rgba(255, 255, 255, 0.1)",
  "selected_bg": "rgba(85, 170, 170, 0.4)",
  "button_hover": "#55AAAA",
  "button_pressed": "#448888",
  "chart_bg": "rgba(0, 0, 170, 0.25)",
  "terminal": {
    "theme": {
      "foreground": "#FFFFFF",
      "background": "#0000AA",
      "cursor": "#FFFFFF",
      "cursorAccent": "#0000AA",
      "selection": "#55AAAA",
      "selectionForeground": "#000000",

      "black": "#000000",
      "red": "#FF5555",
      "green": "#55AA55",
      "yellow": "#FFFF55",
      "blue": "#5555FF",
      "magenta": "#FF55FF",
      "cyan": "#55AAAA",
      "white": "#AAAAAA",

      "brightBlack": "#555555",
      "brightRed": "#FF5555",
      "brightGreen": "#55FF55",
      "brightYellow": "#FFFF55",
      "brightBlue": "#5555FF",
      "brightMagenta": "#FF55FF",
      "brightCyan": "#55FFFF",
      "brightWhite": "#FFFFFF",

      "scrollbar": {
        "background": "#0000AA",
        "thumb": "rgba(255, 255, 255, 0.3)",
        "thumb_hover": "rgba(255, 255, 255, 0.5)"
      }
    }
  }
}